,cluster_id,cluster_size,3mostcentral_closeness_proteins,3mostcentral_closeness_genes,3mostcentral_closeness_descriptions,3mostcentral_eigenvector_proteins,3mostcentral_eigenvector_genes,3mostcentral_eigenvector_descriptions,icp55_pl2away_proteins,pim1_pl2away_proteins,icp55_shortest_paths_maxmin_bestevidence,pim1_shortest_paths_maxmin_bestevidence,max_shortest_paths_maxmin_bestevidence
0,1,12,YPR067W;YER048W-A;YPL059W,ISA2;ISD11;GRX5,"Protein required for maturation of mitochondrial [4Fe-4S] proteins; functions in a complex with Isa1p and possibly Iba57p; localizes to the mitochondrial intermembrane space, overexpression of ISA2 suppresses grx5 mutations;Cysteine desulfurase (Nfs1p) activator; essential for the formation of the persulfide intermediate at the desulfurase active site during pyridoxal phosphate-dependent desulfuration of cysteine; required for mitochondrial iron-sulfur cluster biosynthesis; exclusive to eukaryotes, implicated as eukaryotic supplement to the bacterium-derived Fe-S cluster (ISC) assembly apparatus; involved in regulation of iron metabolism; member of the LYR protein family;Glutathione-dependent oxidoreductase; mitochondrial matrix protein involved at an early step in the biogenesis of iron-sulfur centers along with Bol1p; hydroperoxide and superoxide-radical responsive; monothiol glutaredoxin subfamily member along with Grx3p and Grx4p",YPR067W;YER048W-A;YPL059W,ISA2;ISD11;GRX5,"Protein required for maturation of mitochondrial [4Fe-4S] proteins; functions in a complex with Isa1p and possibly Iba57p; localizes to the mitochondrial intermembrane space, overexpression of ISA2 suppresses grx5 mutations;Cysteine desulfurase (Nfs1p) activator; essential for the formation of the persulfide intermediate at the desulfurase active site during pyridoxal phosphate-dependent desulfuration of cysteine; required for mitochondrial iron-sulfur cluster biosynthesis; exclusive to eukaryotes, implicated as eukaryotic supplement to the bacterium-derived Fe-S cluster (ISC) assembly apparatus; involved in regulation of iron metabolism; member of the LYR protein family;Glutathione-dependent oxidoreductase; mitochondrial matrix protein involved at an early step in the biogenesis of iron-sulfur centers along with Bol1p; hydroperoxide and superoxide-radical responsive; monothiol glutaredoxin subfamily member along with Grx3p and Grx4p",,YLR369W;YKL040C,0,786,786
1,3,7,YOR232W;YJR045C;YFL016C,MGE1;SSC1;MDJ1,"Mitochondrial matrix cochaperone; nucleotide release factor for Ssc1p in protein translocation and folding; also acts as cochaperone for Ssq1p in folding of Fe-S cluster proteins; acts as oxidative sensor to regulate mitochondrial Ssc1p; in presence of oxidative stress, dimeric Mge1p becomes a monomer and unable to regulate Ssc1p function; homolog of E. coli GrpE and human Mge1 (GRPEL1), which also responds to oxidative stress;Hsp70 family ATPase; constituent of the import motor component of the Translocase of the Inner Mitochondrial membrane (TIM23 complex); involved in protein translocation and folding; subunit of SceI endonuclease; SSC1 has a paralog, ECM10, that arose from the whole genome duplication;Co-chaperone that stimulates HSP70 protein Ssc1p ATPase activity; involved in protein folding/refolding in the mitochodrial matrix; required for proteolysis of misfolded proteins; member of the HSP40 (DnaJ) family of chaperones",YOR232W;YJR045C;YFL016C,MGE1;SSC1;MDJ1,"Mitochondrial matrix cochaperone; nucleotide release factor for Ssc1p in protein translocation and folding; also acts as cochaperone for Ssq1p in folding of Fe-S cluster proteins; acts as oxidative sensor to regulate mitochondrial Ssc1p; in presence of oxidative stress, dimeric Mge1p becomes a monomer and unable to regulate Ssc1p function; homolog of E. coli GrpE and human Mge1 (GRPEL1), which also responds to oxidative stress;Hsp70 family ATPase; constituent of the import motor component of the Translocase of the Inner Mitochondrial membrane (TIM23 complex); involved in protein translocation and folding; subunit of SceI endonuclease; SSC1 has a paralog, ECM10, that arose from the whole genome duplication;Co-chaperone that stimulates HSP70 protein Ssc1p ATPase activity; involved in protein folding/refolding in the mitochodrial matrix; required for proteolysis of misfolded proteins; member of the HSP40 (DnaJ) family of chaperones",,YJR045C;YOR232W;YFL016C;YHR024C;YEL030W,0,903,903
2,4,7,YGL220W;YAL046C;YDR098C,BOL2;BOL3;GRX3,"Cytosolic protein involved in repression of iron regulon transcription; forms an iron-independent complex with Fra1p, Grx3p, and Grx4p; null mutant fails to repress the iron regulon and is sensitive to nickel; sequence similarity to human BOLA family member, BOLA2;Protein involved in Fe-S cluster transfer to mitochondrial clients; protects [4Fe-4S] clusters from damage due to oxidative stress by acting along with Nfu1p at a late step in the transfer of [4Fe-4S] clusters from the ISA complex to mitochondrial client proteins like lipoate synthase and succinate dehydrogenase; sequence similarity to human BOLA family member, BOLA3, mutations of which are associated with Multiple Mitochondria Dysfunctions Syndrome (MMDS2);Glutathione-dependent oxidoreductase; hydroperoxide and superoxide-radical responsive; monothiol glutaredoxin subfamily member along with Grx4p and Grx5p; protects cells from oxidative damage; with Grx4p, binds to Aft1p in iron-replete conditions, promoting its dissociation from promoters; evidence exists indicating that the translation start site is not Met1 as currently annotated, but rather Met36; GRX3 has a paralog, GRX4, that arose from the whole genome duplication",YGL220W;YAL046C;YAL044W-A,BOL2;BOL3;BOL1,"Cytosolic protein involved in repression of iron regulon transcription; forms an iron-independent complex with Fra1p, Grx3p, and Grx4p; null mutant fails to repress the iron regulon and is sensitive to nickel; sequence similarity to human BOLA family member, BOLA2;Protein involved in Fe-S cluster transfer to mitochondrial clients; protects [4Fe-4S] clusters from damage due to oxidative stress by acting along with Nfu1p at a late step in the transfer of [4Fe-4S] clusters from the ISA complex to mitochondrial client proteins like lipoate synthase and succinate dehydrogenase; sequence similarity to human BOLA family member, BOLA3, mutations of which are associated with Multiple Mitochondria Dysfunctions Syndrome (MMDS2);Mitochondrial matrix protein involved in Fe-S cluster biogenesis; facilitates [4Fe-2S] cluster inception into mitochondrial proteins such as lipoate synthase and succinate dehydrogenase; interacts and may function with Grx5p at an early step in Fe-S cluster biosynthesis; forms dimeric complexes with Grx5p and Nfu1p that alter the stability of shared Fe/S clusters; sequence similarity to human BOLA family member, BOLA1 and S. pombe uvi31, a putative DNA repair protein",YLL029W,,258,0,258
3,5,62,YDL140C;YIL021W;YOR151C,RPO21;RPB3;RPB2,RNA polymerase II largest subunit B220; part of central core; phosphorylation of C-terminal heptapeptide repeat domain regulates association with transcription and splicing factors; similar to bacterial beta-prime;RNA polymerase II third largest subunit B44; part of central core; similar to prokaryotic alpha subunit;RNA polymerase II second largest subunit B150; part of central core; similar to bacterial beta subunit,YDL140C;YIL021W;YOR151C,RPO21;RPB3;RPB2,RNA polymerase II largest subunit B220; part of central core; phosphorylation of C-terminal heptapeptide repeat domain regulates association with transcription and splicing factors; similar to bacterial beta-prime;RNA polymerase II third largest subunit B44; part of central core; similar to prokaryotic alpha subunit;RNA polymerase II second largest subunit B150; part of central core; similar to bacterial beta subunit,,YPR086W;YOR210W;YJL006C;YKR062W;YGR186W;YDR311W;YER171W;YPR133C;YIL021W;YLR418C;YDR079C-A;YKL028W;YPR161C;YIL143C;YDL108W;YML010W;YGL244W;YGL043W;YBR279W;YDR404C;YJR063W;YGR116W;YGR063C;YOR151C;YPL122C;YJL140W;YOL145C;YOR224C;YGR005C;YGL070C;YPR187W;YHR143W-A;YOR123C;YBR154C;YOL005C;YMR277W;YKL005C;YDL140C,0,964,964
4,7,40,YER148W;YGR246C;YNL039W,SPT15;BRF1;BDP1,"TATA-binding protein (TBP); general transcription factor that interacts with other factors to form the preinitiation complex at promoters; essential for viability, highly conserved; yeast gene can complement mutations in human homolog TBP;TFIIIB B-related factor; one of three subunits of RNA polymerase III transcription initiation factor TFIIIB, binds TFIIIC and TBP and recruits RNA pol III to promoters, amino-terminal half is homologous to TFIIB; mutations in human homolog are associated with autosomal recessive cerebellar-facial-dental syndrome;Essential subunit of RNA polymerase III transcription factor (TFIIIB); TFIIIB is involved in transcription of genes encoding tRNAs, 5S rRNA, U6 snRNA, and other small RNAs",YER148W;YGR246C;YNL039W,SPT15;BRF1;BDP1,"TATA-binding protein (TBP); general transcription factor that interacts with other factors to form the preinitiation complex at promoters; essential for viability, highly conserved; yeast gene can complement mutations in human homolog TBP;TFIIIB B-related factor; one of three subunits of RNA polymerase III transcription initiation factor TFIIIB, binds TFIIIC and TBP and recruits RNA pol III to promoters, amino-terminal half is homologous to TFIIB; mutations in human homolog are associated with autosomal recessive cerebellar-facial-dental syndrome;Essential subunit of RNA polymerase III transcription factor (TFIIIB); TFIIIB is involved in transcription of genes encoding tRNAs, 5S rRNA, U6 snRNA, and other small RNAs",,YNL113W;YER148W;YDR145W;YBR198C;YMR236W;YDR167W;YDR045C;YGL112C,0,962,962
5,8,25,YLR071C;YBL093C;YDR308C,RGR1;ROX3;SRB7,"Subunit of the RNA polymerase II mediator complex; associates with core polymerase subunits to form the RNA polymerase II holoenzyme; required for glucose repression, HO repression, RME1 repression and sporulation;Subunit of the RNA polymerase II mediator complex; associates with core polymerase subunits to form the RNA polymerase II holoenzyme;Subunit of the RNA polymerase II mediator complex; associates with core polymerase subunits to form the RNA polymerase II holoenzyme; essential for transcriptional regulation; target of the global repressor Tup1p",YLR071C;YBL093C;YDR308C,RGR1;ROX3;SRB7,"Subunit of the RNA polymerase II mediator complex; associates with core polymerase subunits to form the RNA polymerase II holoenzyme; required for glucose repression, HO repression, RME1 repression and sporulation;Subunit of the RNA polymerase II mediator complex; associates with core polymerase subunits to form the RNA polymerase II holoenzyme;Subunit of the RNA polymerase II mediator complex; associates with core polymerase subunits to form the RNA polymerase II holoenzyme; essential for transcriptional regulation; target of the global repressor Tup1p",,YDR443C;YGL127C;YPL042C,0,798,798
6,9,17,YCL010C;YGR252W;YDR176W,SGF29;GCN5;NGG1,"Component of the HAT/Core module of the SAGA, SLIK, and ADA complexes; HAT/Core module also contains Gcn5p, Ngg1p, and Ada2p; binds methylated histone H3K4; involved in transcriptional regulation through SAGA and TBP recruitment to target promoters and H3 acetylation;Catalytic subunit of ADA and SAGA histone acetyltransferase complexes; modifies N-terminal lysines on histones H2B and H3; acetylates Rsc4p, a subunit of the RSC chromatin-remodeling complex, altering replication stress tolerance; relocalizes to the cytosol in response to hypoxia; mutant displays reduced transcription elongation in the G-less-based run-on (GLRO) assay; greater involvement in repression of RNAPII-dependent transcription than in activation;Subunit of chromatin modifying histone acetyltransferase complexes; member of the ADA complex, the SAGA complex, and the SLIK complex; transcriptional regulator involved in glucose repression of Gal4p-regulated genes",YCL010C;YGR252W;YDR176W,SGF29;GCN5;NGG1,"Component of the HAT/Core module of the SAGA, SLIK, and ADA complexes; HAT/Core module also contains Gcn5p, Ngg1p, and Ada2p; binds methylated histone H3K4; involved in transcriptional regulation through SAGA and TBP recruitment to target promoters and H3 acetylation;Catalytic subunit of ADA and SAGA histone acetyltransferase complexes; modifies N-terminal lysines on histones H2B and H3; acetylates Rsc4p, a subunit of the RSC chromatin-remodeling complex, altering replication stress tolerance; relocalizes to the cytosol in response to hypoxia; mutant displays reduced transcription elongation in the G-less-based run-on (GLRO) assay; greater involvement in repression of RNAPII-dependent transcription than in activation;Subunit of chromatin modifying histone acetyltransferase complexes; member of the ADA complex, the SAGA complex, and the SLIK complex; transcriptional regulator involved in glucose repression of Gal4p-regulated genes",,YLR055C;YGL066W;YGR252W;YPL047W;YMR223W;YER164W;YOL148C;YCL010C;YBR111W-A;YDR392W;YDR448W;YHR099W;YDR176W;YPL254W;YBR081C,0,964,964
7,10,29,YDR328C;YDL132W;YOL133W,SKP1;CDC53;HRT1,"Evolutionarily conserved kinetochore protein; part of multiple protein complexes, including the SCF ubiquitin ligase complex, the CBF3 complex that binds centromeric DNA, and the RAVE complex that regulates assembly of the V-ATPase; protein abundance increases in response to DNA replication stress;Cullin; structural protein of SCF complexes (which also contain Skp1p, Cdc34p, Hrt1p and an F-box protein) involved in ubiquitination; SCF promotes the G1-S transition by targeting G1 cyclins and the Cln-CDK inhibitor Sic1p for degradation; human homolog CUL1 can complement yeast cdc53 null mutant;RING-H2 domain core subunit of multiple ubiquitin ligase complexes; subunit of Skp1-Cullin-F-box (SCF) that tethers the Cdc34p (E2) and Cdc53p (cullin) SCF subunits, and is required for degradation of Gic2p, Far1p, Sic1p and Cln2p; subunit of the Rtt101p-Mms1p-Mms22p ubiquitin ligase that stabilizes replication forks after DNA lesions; subunit of the Cul3p-Elc1p-Ela1p ubiquitin ligase involved in Rpb1p degradation as part of transcription-coupled repair",YDR328C;YOL133W;YDL132W,SKP1;HRT1;CDC53,"Evolutionarily conserved kinetochore protein; part of multiple protein complexes, including the SCF ubiquitin ligase complex, the CBF3 complex that binds centromeric DNA, and the RAVE complex that regulates assembly of the V-ATPase; protein abundance increases in response to DNA replication stress;RING-H2 domain core subunit of multiple ubiquitin ligase complexes; subunit of Skp1-Cullin-F-box (SCF) that tethers the Cdc34p (E2) and Cdc53p (cullin) SCF subunits, and is required for degradation of Gic2p, Far1p, Sic1p and Cln2p; subunit of the Rtt101p-Mms1p-Mms22p ubiquitin ligase that stabilizes replication forks after DNA lesions; subunit of the Cul3p-Elc1p-Ela1p ubiquitin ligase involved in Rpb1p degradation as part of transcription-coupled repair;Cullin; structural protein of SCF complexes (which also contain Skp1p, Cdc34p, Hrt1p and an F-box protein) involved in ubiquitination; SCF promotes the G1-S transition by targeting G1 cyclins and the Cln-CDK inhibitor Sic1p for degradation; human homolog CUL1 can complement yeast cdc53 null mutant",,YNL230C,0,620,620
8,11,12,YGR200C;YPL086C;YLR384C,ELP2;ELP3;IKI3,"Subunit of Elongator complex; binds to microtubules via conserved alkaline residues; has two seven-bladed WD40 &#946; propellers; Elongator complex is required for modification of wobble nucleosides in tRNA; target of Kluyveromyces lactis zymocin;Subunit of Elongator complex; Elongator is required for modification of wobble nucleosides in tRNA; exhibits histone acetyltransferase activity that is directed to histones H3 and H4; disruption confers resistance to K. lactis zymotoxin; human homolog ELP3 can partially complement yeast elp3 null mutant;Subunit of Elongator complex; Elongator is required for modification of wobble nucleosides in tRNA; maintains structural integrity of Elongator; homolog of human IKAP, mutations in which cause familial dysautonomia (FD)",YGR200C;YPL086C;YHR111W,ELP2;ELP3;UBA4,Subunit of Elongator complex; binds to microtubules via conserved alkaline residues; has two seven-bladed WD40 &#946; propellers; Elongator complex is required for modification of wobble nucleosides in tRNA; target of Kluyveromyces lactis zymocin;Subunit of Elongator complex; Elongator is required for modification of wobble nucleosides in tRNA; exhibits histone acetyltransferase activity that is directed to histones H3 and H4; disruption confers resistance to K. lactis zymotoxin; human homolog ELP3 can partially complement yeast elp3 null mutant;E1-like protein that activates Urm1p before urmylation; also acts in thiolation of the wobble base of cytoplasmic tRNAs by adenylating and then thiolating Urm1p; receives sulfur from Tum1p,,YKL110C,0,962,962
9,12,13,YPL240C;YMR186W;YDR214W,HSP82;HSC82;AHA1,"Hsp90 chaperone; redundant in function with Hsc82p; required for pheromone signaling, negative regulation of Hsf1p; docks with Tom70p for mitochondrial preprotein delivery; promotes telomerase DNA binding, nucleotide addition; protein abundance increases in response to DNA replication stress; contains two acid-rich unstructured regions that promote solubility of chaperone-substrate complexes; HSP82 has a paralog, HSC82, that arose from the whole genome duplication;Cytoplasmic chaperone of the Hsp90 family; plays a role in determining prion variants; redundant in function and nearly identical with Hsp82p, and together they are essential; expressed constitutively at 10-fold higher basal levels than HSP82 and induced 2-3 fold by heat shock; contains two acid-rich unstructured regions that promote the solubility of chaperone-substrate complexes; HSC82 has a paralog, HSP82, that arose from the whole genome duplication;Co-chaperone that binds Hsp82p and activates its ATPase activity; plays a role in determining prion variants; similar to Hch1p; expression is regulated by stresses such as heat shock; protein abundance increases in response to DNA replication stress",YPL240C;YMR186W;YDR214W,HSP82;HSC82;AHA1,"Hsp90 chaperone; redundant in function with Hsc82p; required for pheromone signaling, negative regulation of Hsf1p; docks with Tom70p for mitochondrial preprotein delivery; promotes telomerase DNA binding, nucleotide addition; protein abundance increases in response to DNA replication stress; contains two acid-rich unstructured regions that promote solubility of chaperone-substrate complexes; HSP82 has a paralog, HSC82, that arose from the whole genome duplication;Cytoplasmic chaperone of the Hsp90 family; plays a role in determining prion variants; redundant in function and nearly identical with Hsp82p, and together they are essential; expressed constitutively at 10-fold higher basal levels than HSP82 and induced 2-3 fold by heat shock; contains two acid-rich unstructured regions that promote the solubility of chaperone-substrate complexes; HSC82 has a paralog, HSP82, that arose from the whole genome duplication;Co-chaperone that binds Hsp82p and activates its ATPase activity; plays a role in determining prion variants; similar to Hch1p; expression is regulated by stresses such as heat shock; protein abundance increases in response to DNA replication stress",,YPL240C;YOR027W;YMR186W;YDR214W;YOR298C-A,0,962,962
10,13,5,YPL129W;YOR064C;YPR031W,TAF14;YNG1;NTO1,"Subunit of TFIID, TFIIF, INO80, SWI/SNF, and NuA3 complexes; involved in RNA polymerase II transcription initiation and in chromatin modification; contains a YEATS domain;Subunit of the NuA3 histone acetyltransferase complex; this complex acetylates histone H3; contains PHD finger domain that interacts with methylated histone H3; shares significant sequence identity with the human candidate tumor suppressor p33-ING1 in C-terminal region;Subunit of the NuA3 histone acetyltransferase complex; this complex acetylates histone H3; contains PHD finger domain that interacts with methylated histone H3",YPL129W;YOR064C;YPR031W,TAF14;YNG1;NTO1,"Subunit of TFIID, TFIIF, INO80, SWI/SNF, and NuA3 complexes; involved in RNA polymerase II transcription initiation and in chromatin modification; contains a YEATS domain;Subunit of the NuA3 histone acetyltransferase complex; this complex acetylates histone H3; contains PHD finger domain that interacts with methylated histone H3; shares significant sequence identity with the human candidate tumor suppressor p33-ING1 in C-terminal region;Subunit of the NuA3 histone acetyltransferase complex; this complex acetylates histone H3; contains PHD finger domain that interacts with methylated histone H3",,YPL129W,0,786,786
11,16,202,YGR103W;YMR049C;YOR272W,NOP7;ERB1;YTM1,Component of several different pre-ribosomal particles; forms a complex with Ytm1p and Erb1p that is required for maturation of the large ribosomal subunit; required for exit from G<sub>0</sub> and the initiation of cell proliferation;Constituent of 66S pre-ribosomal particles; forms a complex with Nop7p and Ytm1p that is required for maturation of the large ribosomal subunit; required for maturation of the 25S and 5.8S ribosomal RNAs; homologous to mammalian Bop1;Constituent of 66S pre-ribosomal particles; forms a complex with Nop7p and Erb1p that is required for maturation of the large ribosomal subunit; has seven C-terminal WD repeats,YGR103W;YOR272W;YMR049C,NOP7;YTM1;ERB1,Component of several different pre-ribosomal particles; forms a complex with Ytm1p and Erb1p that is required for maturation of the large ribosomal subunit; required for exit from G<sub>0</sub> and the initiation of cell proliferation;Constituent of 66S pre-ribosomal particles; forms a complex with Nop7p and Erb1p that is required for maturation of the large ribosomal subunit; has seven C-terminal WD repeats;Constituent of 66S pre-ribosomal particles; forms a complex with Nop7p and Ytm1p that is required for maturation of the large ribosomal subunit; required for maturation of the 25S and 5.8S ribosomal RNAs; homologous to mammalian Bop1,,YGL019W;YGL120C;YOR039W;YIL035C;YOR061W,0,921,921
12,31,7,YJL014W;YIL142W;YJL111W,CCT3;CCT2;CCT7,"Subunit of the cytosolic chaperonin Cct ring complex; related to Tcp1p, required for the assembly of actin and tubulins in vivo; capable of binding Q/N rich proteins and mediating their folding;Subunit beta of the cytosolic chaperonin Cct ring complex; related to Tcp1p, required for the assembly of actin and tubulins in vivo;Subunit of the cytosolic chaperonin Cct ring complex; related to Tcp1p, required for the assembly of actin and tubulins in vivo; mutant has increased aneuploidy tolerance",YJL014W;YIL142W;YJL111W,CCT3;CCT2;CCT7,"Subunit of the cytosolic chaperonin Cct ring complex; related to Tcp1p, required for the assembly of actin and tubulins in vivo; capable of binding Q/N rich proteins and mediating their folding;Subunit beta of the cytosolic chaperonin Cct ring complex; related to Tcp1p, required for the assembly of actin and tubulins in vivo;Subunit of the cytosolic chaperonin Cct ring complex; related to Tcp1p, required for the assembly of actin and tubulins in vivo; mutant has increased aneuploidy tolerance",,YDL143W;YDR212W,0,896,896
13,32,49,YPR191W;YOR065W;YEL024W,QCR2;CYT1;RIP1,"Subunit 2 of ubiquinol cytochrome-c reductase (Complex III); Complex III is a component of the mitochondrial inner membrane electron transport chain; phosphorylated; transcription is regulated by Hap1p, Hap2p/Hap3p, and heme;Cytochrome c1; component of the mitochondrial respiratory chain; expression is regulated by the heme-activated, glucose-repressed Hap2p/3p/4p/5p CCAAT-binding complex;Ubiquinol-cytochrome-c reductase; a Rieske iron-sulfur protein of the mitochondrial cytochrome bc1 complex; transfers electrons from ubiquinol to cytochrome c1 during respiration; during import, Rip1p is first imported into the mitochondrial matrix where it is processed, acquires its Fe-S cluster, and is folded, then is translocated into the inner membrane by the action of a homo-oligomer of Bcs1p, and finally is delivered by Bcs1p to Complex III for assembly",YPR191W;YEL024W;YJL166W,QCR2;RIP1;QCR8,"Subunit 2 of ubiquinol cytochrome-c reductase (Complex III); Complex III is a component of the mitochondrial inner membrane electron transport chain; phosphorylated; transcription is regulated by Hap1p, Hap2p/Hap3p, and heme;Ubiquinol-cytochrome-c reductase; a Rieske iron-sulfur protein of the mitochondrial cytochrome bc1 complex; transfers electrons from ubiquinol to cytochrome c1 during respiration; during import, Rip1p is first imported into the mitochondrial matrix where it is processed, acquires its Fe-S cluster, and is folded, then is translocated into the inner membrane by the action of a homo-oligomer of Bcs1p, and finally is delivered by Bcs1p to Complex III for assembly;Subunit 8 of ubiquinol cytochrome-c reductase (Complex III); Complex III is a component of the mitochondrial inner membrane electron transport chain; oriented facing the intermembrane space; expression is regulated by Abf1p and Cpf1p",,YOR065W;YLR163C,0,903,903
14,37,32,YJR121W;YBL099W;YKL016C,ATP2;ATP1;ATP7,"Beta subunit of the F1 sector of mitochondrial F1F0 ATP synthase; which is a large, evolutionarily conserved enzyme complex required for ATP synthesis; F1 translationally regulates ATP6 and ATP8 expression to achieve a balanced output of ATP synthase genes encoded in nucleus and mitochondria; phosphorylated;Alpha subunit of the F1 sector of mitochondrial F1F0 ATP synthase; which is a large, evolutionarily conserved enzyme complex required for ATP synthesis; F1 translationally regulates ATP6 and ATP8 expression to achieve a balanced output of ATP synthase genes encoded in nucleus and mitochondria; phosphorylated; N-terminally propionylated in vivo;Subunit d of the stator stalk of mitochondrial F1F0 ATP synthase; F1F0 ATP synthase is a large, evolutionarily conserved enzyme complex required for ATP synthesis",YJR121W;YBL099W;YKL016C,ATP2;ATP1;ATP7,"Beta subunit of the F1 sector of mitochondrial F1F0 ATP synthase; which is a large, evolutionarily conserved enzyme complex required for ATP synthesis; F1 translationally regulates ATP6 and ATP8 expression to achieve a balanced output of ATP synthase genes encoded in nucleus and mitochondria; phosphorylated;Alpha subunit of the F1 sector of mitochondrial F1F0 ATP synthase; which is a large, evolutionarily conserved enzyme complex required for ATP synthesis; F1 translationally regulates ATP6 and ATP8 expression to achieve a balanced output of ATP synthase genes encoded in nucleus and mitochondria; phosphorylated; N-terminally propionylated in vivo;Subunit d of the stator stalk of mitochondrial F1F0 ATP synthase; F1F0 ATP synthase is a large, evolutionarily conserved enzyme complex required for ATP synthesis",,Q0130;YBL099W;YJR121W,0,903,903
15,45,31,YBR010W;YNL031C;YBR009C,HHT1;HHT2;HHF1,"Histone H3; core histone protein required for chromatin assembly, part of heterochromatin-mediated telomeric and HM silencing; one of two identical histone H3 proteins (see HHT2); regulated by acetylation, methylation, and phosphorylation; H3K14 acetylation plays an important role in the unfolding of strongly positioned nucleosomes during repair of UV damage;Histone H3; core histone protein required for chromatin assembly, part of heterochromatin-mediated telomeric and HM silencing; one of two identical histone H3 proteins (see HHT1); regulated by acetylation, methylation, and phosphorylation; H3K14 acetylation plays an important role in the unfolding of strongly positioned nucleosomes during repair of UV damage;Histone H4; core histone protein required for chromatin assembly and chromosome function; one of two identical histone proteins (see also HHF2); contributes to telomeric silencing; N-terminal domain involved in maintaining genomic integrity",YBR010W;YNL031C;YBR009C,HHT1;HHT2;HHF1,"Histone H3; core histone protein required for chromatin assembly, part of heterochromatin-mediated telomeric and HM silencing; one of two identical histone H3 proteins (see HHT2); regulated by acetylation, methylation, and phosphorylation; H3K14 acetylation plays an important role in the unfolding of strongly positioned nucleosomes during repair of UV damage;Histone H3; core histone protein required for chromatin assembly, part of heterochromatin-mediated telomeric and HM silencing; one of two identical histone H3 proteins (see HHT1); regulated by acetylation, methylation, and phosphorylation; H3K14 acetylation plays an important role in the unfolding of strongly positioned nucleosomes during repair of UV damage;Histone H4; core histone protein required for chromatin assembly and chromosome function; one of two identical histone proteins (see also HHF2); contributes to telomeric silencing; N-terminal domain involved in maintaining genomic integrity",,YJL115W;YNL031C;YBR010W;YBR009C;YNL030W,0,837,837
16,50,7,YBR175W;YDR469W;YLR015W,SWD3;SDC1;BRE2,Essential subunit of the COMPASS (Set1C) complex; COMPASS methylates histone H3 on lysine 4 and is required in transcriptional silencing near telomeres; WD40 beta propeller superfamily member and ortholog of mammalian WDR5;Subunit of the COMPASS (Set1C) complex; COMPASS methylates lysine 4 of histone H3 and is required in chromatin silencing at telomeres; contains a Dpy-30 domain that mediates interaction with Bre2p; similar to C. elegans and human DPY-30;Subunit of COMPASS (Set1C) complex; COMPASS methylates Lys4 of histone H3 and functions in silencing at telomeres; has a C-terminal Sdc1 Dpy-30 Interaction (SDI) domain that mediates binding to Sdc1p; similar to trithorax-group protein ASH2L,YBR175W;YDR469W;YLR015W,SWD3;SDC1;BRE2,Essential subunit of the COMPASS (Set1C) complex; COMPASS methylates histone H3 on lysine 4 and is required in transcriptional silencing near telomeres; WD40 beta propeller superfamily member and ortholog of mammalian WDR5;Subunit of the COMPASS (Set1C) complex; COMPASS methylates lysine 4 of histone H3 and is required in chromatin silencing at telomeres; contains a Dpy-30 domain that mediates interaction with Bre2p; similar to C. elegans and human DPY-30;Subunit of COMPASS (Set1C) complex; COMPASS methylates Lys4 of histone H3 and functions in silencing at telomeres; has a C-terminal Sdc1 Dpy-30 Interaction (SDI) domain that mediates binding to Sdc1p; similar to trithorax-group protein ASH2L,,YHR119W,0,822,822
17,52,94,YFL017W-A;YPR182W;YLR147C,SMX2;SMX3;SMD3,"Core Sm protein Sm G; part of heteroheptameric complex (with Smb1p, Smd1p, Smd2p, Smd3p, Sme1p, and Smx3p) that is part of the spliceosomal U1, U2, U4, and U5 snRNPs; homolog of human Sm G;Core Sm protein Sm F; part of heteroheptameric complex (with Smb1p, Smd1p, Smd2p, Smd3p, Sme1p, and Smx2p) that is part of the spliceosomal U1, U2, U4, and U5 snRNPs; homolog of human Sm F;Core Sm protein Sm D3; part of heteroheptameric complex (with Smb1p, Smd1p, Smd2p, Sme1p, Smx3p, and Smx2p) that is part of the spliceosomal U1, U2, U4, and U5 snRNPs; homolog of human Sm D3",YFL017W-A;YLR275W;YPR182W,SMX2;SMD2;SMX3,"Core Sm protein Sm G; part of heteroheptameric complex (with Smb1p, Smd1p, Smd2p, Smd3p, Sme1p, and Smx3p) that is part of the spliceosomal U1, U2, U4, and U5 snRNPs; homolog of human Sm G;Core Sm protein Sm D2; part of heteroheptameric complex (with Smb1p, Smd1p, Smd3p, Sme1p, Smx3p, and Smx2p) that is part of the spliceosomal U1, U2, U4, and U5 snRNPs; homolog of human Sm D2;Core Sm protein Sm F; part of heteroheptameric complex (with Smb1p, Smd1p, Smd2p, Smd3p, Sme1p, and Smx2p) that is part of the spliceosomal U1, U2, U4, and U5 snRNPs; homolog of human Sm F",YLR117C;YKL074C;YHR165C;YNL138W-A;YDL030W;YDL087C;YPR094W;YOR159C;YNL147W;YOR308C;YKL173W;YGR129W;YKL012W;YGR074W;YBR119W;YML046W;YPL213W;YMR240C;YGR013W;YFL017W-A;YDL043C;YPR182W;YIL061C;YDR473C;YLR116W;YLR275W;YER172C;YML049C;YIR009W;YDR235W;YJL203W;YMR288W;YOR319W;YDR240C;YHR086W;YLR298C;YER029C;YDR243C;YDR416W;YLR147C,YDL030W;YOR159C;YGR074W;YMR240C;YFL017W-A;YPR182W;YLR275W;YML049C;YJL203W;YMR288W;YLR147C,964,903,964
18,63,12,YLR378C;YEL002C;YOR103C,SEC61;WBP1;OST2,"Conserved ER protein translocation channel; essential subunit of Sec61 complex (Sec61p, Sbh1p, and Sss1p); forms channel for SRP-dependent protein import; with Sec63 complex allows SRP-independent protein import into ER; involved in posttranslational soluble protein import into the ER, ERAD of soluble substrates, and misfolded soluble protein export from the ER;Beta subunit of the oligosaccharyl transferase glycoprotein complex; required for N-linked glycosylation of proteins in the endoplasmic reticulum; human homolog DDOST can complement yeast growth defect during down-regulation of yeast gene;Epsilon subunit of the oligosaccharyltransferase complex; located in the ER lumen; catalyzes asparagine-linked glycosylation of newly synthesized proteins",YLR378C;YEL002C;YOR103C,SEC61;WBP1;OST2,"Conserved ER protein translocation channel; essential subunit of Sec61 complex (Sec61p, Sbh1p, and Sss1p); forms channel for SRP-dependent protein import; with Sec63 complex allows SRP-independent protein import into ER; involved in posttranslational soluble protein import into the ER, ERAD of soluble substrates, and misfolded soluble protein export from the ER;Beta subunit of the oligosaccharyl transferase glycoprotein complex; required for N-linked glycosylation of proteins in the endoplasmic reticulum; human homolog DDOST can complement yeast growth defect during down-regulation of yeast gene;Epsilon subunit of the oligosaccharyltransferase complex; located in the ER lumen; catalyzes asparagine-linked glycosylation of newly synthesized proteins",,YEL002C,0,907,907
19,66,14,YKL008C;YHL003C;YDR297W,LAC1;LAG1;SUR2,"Ceramide synthase component; involved in synthesis of ceramide from C26(acyl)-coenzyme A and dihydrosphingosine or phytosphingosine, functionally equivalent to Lag1p; LAC1 has a paralog, LAG1, that arose from the whole genome duplication;Ceramide synthase component; involved in synthesis of ceramide from C26(acyl)-coenzyme A and dihydrosphingosine or phytosphingosine, functionally equivalent to Lac1p; forms ER foci upon DNA replication stress; homolog of human CERS2, a tumor metastasis suppressor gene whose silencing enhances invasion/metastasis of prostate cancer cells; LAG1 has a paralog, LAC1, that arose from the whole genome duplication;Sphinganine C4-hydroxylase; catalyses the conversion of sphinganine to phytosphingosine in sphingolipid biosyntheis",YKL008C;YHL003C;YDR297W,LAC1;LAG1;SUR2,"Ceramide synthase component; involved in synthesis of ceramide from C26(acyl)-coenzyme A and dihydrosphingosine or phytosphingosine, functionally equivalent to Lag1p; LAC1 has a paralog, LAG1, that arose from the whole genome duplication;Ceramide synthase component; involved in synthesis of ceramide from C26(acyl)-coenzyme A and dihydrosphingosine or phytosphingosine, functionally equivalent to Lac1p; forms ER foci upon DNA replication stress; homolog of human CERS2, a tumor metastasis suppressor gene whose silencing enhances invasion/metastasis of prostate cancer cells; LAG1 has a paralog, LAC1, that arose from the whole genome duplication;Sphinganine C4-hydroxylase; catalyses the conversion of sphinganine to phytosphingosine in sphingolipid biosyntheis",,YER019W,0,903,903
20,69,28,YJL034W;YAL058W;YCL043C,KAR2;CNE1;PDI1,"ATPase involved in protein import into the ER; also acts as a chaperone to mediate protein folding in the ER and may play a role in ER export of soluble proteins; regulates the unfolded protein response via interaction with Ire1p;Calnexin; integral membrane ER chaperone involved in folding and quality control of glycoproteins; chaperone activity is inhibited by Mpd1p, with which Cne1p interacts; 24% identical to mammalian calnexin; Ca+ binding not yet shown in yeast;Protein disulfide isomerase; multifunctional oxidoreductase of the ER lumen, essential for disulfide bond formation in secretory and cell-surface proteins, processing of non-native disulfide bonds; Ero1p activator; complexes with exomannosidase, Mnl1p to facilitate the recognition of misfolded glycoproteins and the trimming of glycan Man8GlcNAc2 to Man7GlcNAc2 on substrates, thereby accelerating ERAD; PDI1 has a paralog, EUG1, that arose from the whole genome duplication",YJL034W;YCL043C;YAL058W,KAR2;PDI1;CNE1,"ATPase involved in protein import into the ER; also acts as a chaperone to mediate protein folding in the ER and may play a role in ER export of soluble proteins; regulates the unfolded protein response via interaction with Ire1p;Protein disulfide isomerase; multifunctional oxidoreductase of the ER lumen, essential for disulfide bond formation in secretory and cell-surface proteins, processing of non-native disulfide bonds; Ero1p activator; complexes with exomannosidase, Mnl1p to facilitate the recognition of misfolded glycoproteins and the trimming of glycan Man8GlcNAc2 to Man7GlcNAc2 on substrates, thereby accelerating ERAD; PDI1 has a paralog, EUG1, that arose from the whole genome duplication;Calnexin; integral membrane ER chaperone involved in folding and quality control of glycoproteins; chaperone activity is inhibited by Mpd1p, with which Cne1p interacts; 24% identical to mammalian calnexin; Ca+ binding not yet shown in yeast",YHR204W,YJL034W,41,903,903
21,80,25,YBL078C;YPR049C;YGL180W,ATG8;ATG11;ATG1,"Component of autophagosomes and Cvt vesicles; regulator of Atg1p, targets it to autophagosomes; binds the Atg1p-Atg13p complex, triggering its vacuolar degradation; unique ubiquitin-like protein whose conjugation target is lipid phosphatidylethanolamine (PE); Atg8p-PE is anchored to membranes, is involved in phagophore expansion, and may mediate membrane fusion during autophagosome formation; deconjugation of Atg8p-PE is required for efficient autophagosome biogenesis;Adapter protein for pexophagy and the Cvt targeting pathway; directs receptor-bound cargo to the phagophore assembly site (PAS) for packaging into vesicles; required for recruiting other proteins to the PAS; recruits Dnm1p to facilitate fission of mitochondria that are destined for removal by mitophagy;Protein serine/threonine kinase; required for vesicle formation in autophagy and the cytoplasm-to-vacuole targeting (Cvt) pathway; structurally required for phagophore assembly site formation; during autophagy forms a complex with Atg13p and Atg17p; essential for cell cycle progression from G2/M to G1 under nitrogen starvation",YGL180W;YPR049C;YDL149W,ATG1;ATG11;ATG9,"Protein serine/threonine kinase; required for vesicle formation in autophagy and the cytoplasm-to-vacuole targeting (Cvt) pathway; structurally required for phagophore assembly site formation; during autophagy forms a complex with Atg13p and Atg17p; essential for cell cycle progression from G2/M to G1 under nitrogen starvation;Adapter protein for pexophagy and the Cvt targeting pathway; directs receptor-bound cargo to the phagophore assembly site (PAS) for packaging into vesicles; required for recruiting other proteins to the PAS; recruits Dnm1p to facilitate fission of mitochondria that are destined for removal by mitophagy;Transmembrane protein involved in forming Cvt and autophagic vesicles; cycles between the phagophore assembly site (PAS) and other cytosolic punctate structures, not found in autophagosomes; may be involved in membrane delivery to the PAS",YKL103C;YOL082W;YPR049C;YGL180W;YLR423C;YJL185C;YOL083W;YPL166W;YPL149W;YLR356W;YIL146C;YBR217W;YDL149W;YPL100W;YBL078C,YIL146C,258,266,266
22,81,10,YDR190C;YKL033W;YPL235W,RVB1;TTI1;RVB2,"ATP-dependent DNA helicase, also known as pontin; member of the AAA+ and RuvB-like protein families; similar to Rvb2p; conserved component of multiple complexes including the INO80 complex, the Swr1 complex, and the R2TP complex (Rvb1-Rvb2-Tah1-Pih1); involved in multiple processes such as chromatin remodeling, box C/D snoRNP assembly, and RNA polymerase II assembly;Subunit of the ASTRA complex, involved in chromatin remodeling; telomere length regulator involved in the stability or biogenesis of PIKKs such as TORC1; similar to S. pombe Tti1p; detected in highly purified mitochondria in high-throughput studies;ATP-dependent DNA helicase, also known as reptin; member of the AAA+ and RuvB protein families, similar to Rvb1p; conserved component of multiple complexes including the INO80 complex, the Swr1 complex, and the R2TP complex (Rvb1-Rvb2-Tah1-Pih1); involved in multiple processes such as chromatin remodeling, box C/D snoRNP assembly, and RNA polymerase II assembly",YDR190C;YKL033W;YPL235W,RVB1;TTI1;RVB2,"ATP-dependent DNA helicase, also known as pontin; member of the AAA+ and RuvB-like protein families; similar to Rvb2p; conserved component of multiple complexes including the INO80 complex, the Swr1 complex, and the R2TP complex (Rvb1-Rvb2-Tah1-Pih1); involved in multiple processes such as chromatin remodeling, box C/D snoRNP assembly, and RNA polymerase II assembly;Subunit of the ASTRA complex, involved in chromatin remodeling; telomere length regulator involved in the stability or biogenesis of PIKKs such as TORC1; similar to S. pombe Tti1p; detected in highly purified mitochondria in high-throughput studies;ATP-dependent DNA helicase, also known as reptin; member of the AAA+ and RuvB protein families, similar to Rvb1p; conserved component of multiple complexes including the INO80 complex, the Swr1 complex, and the R2TP complex (Rvb1-Rvb2-Tah1-Pih1); involved in multiple processes such as chromatin remodeling, box C/D snoRNP assembly, and RNA polymerase II assembly",YDR190C,,897,0,897
23,106,13,YOL096C;YOR125C;YGR255C,COQ3;CAT5;COQ6,O-methyltransferase; catalyzes two different O-methylation steps in ubiquinone (Coenzyme Q) biosynthesis; component of a mitochondrial ubiquinone-synthesizing complex; phosphoprotein;Protein required for ubiquinone (Coenzyme Q) biosynthesis; localizes to the matrix face of the mitochondrial inner membrane in a large complex with ubiquinone biosynthetic enzymes; required for gluconeogenic gene activation;Flavin-dependent monooxygenase involved in ubiquinone biosynthesis; responsible for hydroxylation at position C5 and deamination at C4 during ubiquinone (Coenzyme Q) biosynthesis; localizes to matrix face of mitochondrial inner membrane in a large complex with other ubiquinone biosynthetic enzymes; human homolog COQ6 can complement yeast null mutant and is implicated in steroid-resistant nephrotic syndrome (SRNS),YOR125C;YOL096C;YGR255C,CAT5;COQ3;COQ6,Protein required for ubiquinone (Coenzyme Q) biosynthesis; localizes to the matrix face of the mitochondrial inner membrane in a large complex with ubiquinone biosynthetic enzymes; required for gluconeogenic gene activation;O-methyltransferase; catalyzes two different O-methylation steps in ubiquinone (Coenzyme Q) biosynthesis; component of a mitochondrial ubiquinone-synthesizing complex; phosphoprotein;Flavin-dependent monooxygenase involved in ubiquinone biosynthesis; responsible for hydroxylation at position C5 and deamination at C4 during ubiquinone (Coenzyme Q) biosynthesis; localizes to matrix face of mitochondrial inner membrane in a large complex with other ubiquinone biosynthetic enzymes; human homolog COQ6 can complement yeast null mutant and is implicated in steroid-resistant nephrotic syndrome (SRNS),YOL096C,,57,0,57
24,126,5,YLL026W;YNL007C;YNL064C,HSP104;SIS1;YDJ1,"Disaggregase; heat shock protein that cooperates with Ydj1p (Hsp40) and Ssa1p (Hsp70) to refold and reactivate previously denatured, aggregated proteins; responsive to stresses including: heat, ethanol, and sodium arsenite; involved in [PSI+] propagation; protein becomes more abundant and forms cytoplasmic foci in response to DNA replication stress; potentiated Hsp104p variants decrease TDP-43 proteotoxicity by eliminating its cytoplasmic aggregation;Type II HSP40 co-chaperone that interacts with the HSP70 protein Ssa1p; shuttles between cytosol and nucleus; mediates delivery of misfolded proteins into the nucleus for degradation; involved in proteasomal degradation of misfolded cytosolic proteins; protein abundance increases in response to DNA replication stress; polyQ aggregates sequester Sis1p and interfere with clearance of misfolded proteins; similar to bacterial DnaJ proteins and mammalian DnaJB1;Type I HSP40 co-chaperone; involved in regulation of HSP90 and HSP70 functions; acts as an adaptor that helps Rsp5p recognize cytosolic misfolded proteins for ubiquitination after heat shock; critical for determining cell size at Start as a function of growth rate; involved in protein translocation across membranes; member of the DnaJ family; chimeric protein in which human p58IPK J domain replaces yeast Ydj1p J domain can complement yeast ydj1 mutant",YLL026W;YNL007C;YNL064C,HSP104;SIS1;YDJ1,"Disaggregase; heat shock protein that cooperates with Ydj1p (Hsp40) and Ssa1p (Hsp70) to refold and reactivate previously denatured, aggregated proteins; responsive to stresses including: heat, ethanol, and sodium arsenite; involved in [PSI+] propagation; protein becomes more abundant and forms cytoplasmic foci in response to DNA replication stress; potentiated Hsp104p variants decrease TDP-43 proteotoxicity by eliminating its cytoplasmic aggregation;Type II HSP40 co-chaperone that interacts with the HSP70 protein Ssa1p; shuttles between cytosol and nucleus; mediates delivery of misfolded proteins into the nucleus for degradation; involved in proteasomal degradation of misfolded cytosolic proteins; protein abundance increases in response to DNA replication stress; polyQ aggregates sequester Sis1p and interfere with clearance of misfolded proteins; similar to bacterial DnaJ proteins and mammalian DnaJB1;Type I HSP40 co-chaperone; involved in regulation of HSP90 and HSP70 functions; acts as an adaptor that helps Rsp5p recognize cytosolic misfolded proteins for ubiquitination after heat shock; critical for determining cell size at Start as a function of growth rate; involved in protein translocation across membranes; member of the DnaJ family; chimeric protein in which human p58IPK J domain replaces yeast Ydj1p J domain can complement yeast ydj1 mutant",,YNL064C;YLL026W;YNL007C;YDR258C,0,776,776
25,130,7,YMR062C;YER069W;YHR018C,"ARG7;ARG5,6;ARG4","Mitochondrial ornithine acetyltransferase; catalyzes the fifth step in arginine biosynthesis; also possesses acetylglutamate synthase activity, regenerates acetylglutamate while forming ornithine;Acetylglutamate kinase and N-acetyl-gamma-glutamyl-phosphate reductase; N-acetyl-L-glutamate kinase (NAGK) catalyzes the 2nd and N-acetyl-gamma-glutamyl-phosphate reductase (NAGSA), the 3rd step in arginine biosynthesis; synthesized as a precursor which is processed in the mitochondrion to yield mature NAGK and NAGSA; enzymes form a metabolon complex with Arg2p; NAGK C-terminal domain stabilizes the enzymes, slows catalysis and is involved in feed-back inhibition by arginine;Argininosuccinate lyase; catalyzes the final step in the arginine biosynthesis pathway",YMR062C;YER069W;YHR018C,"ARG7;ARG5,6;ARG4","Mitochondrial ornithine acetyltransferase; catalyzes the fifth step in arginine biosynthesis; also possesses acetylglutamate synthase activity, regenerates acetylglutamate while forming ornithine;Acetylglutamate kinase and N-acetyl-gamma-glutamyl-phosphate reductase; N-acetyl-L-glutamate kinase (NAGK) catalyzes the 2nd and N-acetyl-gamma-glutamyl-phosphate reductase (NAGSA), the 3rd step in arginine biosynthesis; synthesized as a precursor which is processed in the mitochondrion to yield mature NAGK and NAGSA; enzymes form a metabolon complex with Arg2p; NAGK C-terminal domain stabilizes the enzymes, slows catalysis and is involved in feed-back inhibition by arginine;Argininosuccinate lyase; catalyzes the final step in the arginine biosynthesis pathway",,YJL088W,0,900,900
26,142,13,YER043C;YLR303W;YLL058W,SAH1;MET17;nan,S-adenosyl-L-homocysteine hydrolase; catabolizes S-adenosyl-L-homocysteine which is formed after donation of the activated methyl group of S-adenosyl-L-methionine (AdoMet) to an acceptor; regulates cellular lipid homoeostasis by regulating phosphatidylcholine(PC)synthesis and triacylglycerol (TG) levels;O-acetyl homoserine-O-acetyl serine sulfhydrylase; required for Methionine and cysteine biosynthesis;Putative protein of unknown function with similarity to Str2p; Str2p is a cystathionine gamma-synthase important in sulfur metabolism; YLL058W is not an essential gene,YER043C;YLR303W;YLL058W,SAH1;MET17;nan,S-adenosyl-L-homocysteine hydrolase; catabolizes S-adenosyl-L-homocysteine which is formed after donation of the activated methyl group of S-adenosyl-L-methionine (AdoMet) to an acceptor; regulates cellular lipid homoeostasis by regulating phosphatidylcholine(PC)synthesis and triacylglycerol (TG) levels;O-acetyl homoserine-O-acetyl serine sulfhydrylase; required for Methionine and cysteine biosynthesis;Putative protein of unknown function with similarity to Str2p; Str2p is a cystathionine gamma-synthase important in sulfur metabolism; YLL058W is not an essential gene,YER043C,,258,0,258
27,152,44,YML128C;YGR248W;YOR173W,MSC1;SOL4;DCS2,"Protein of unknown function; mutant is defective in directing meiotic recombination events to homologous chromatids; the authentic, non-tagged protein is detected in highly purified mitochondria and is phosphorylated;6-phosphogluconolactonase; protein abundance increases in response to DNA replication stress; SOL4 has a paralog, SOL3, that arose from the whole genome duplication;m(7)GpppX pyrophosphatase regulator; non-essential, stress induced regulatory protein; modulates m7G-oligoribonucleotide metabolism; inhibits Dcs1p; regulated by Msn2p, Msn4p, and the Ras-cAMP-cAPK signaling pathway; mutant has increased aneuploidy tolerance; DCS2 has a paralog, DCS1, that arose from the whole genome duplication",YML128C;YGR248W;YMR250W,MSC1;SOL4;GAD1,"Protein of unknown function; mutant is defective in directing meiotic recombination events to homologous chromatids; the authentic, non-tagged protein is detected in highly purified mitochondria and is phosphorylated;6-phosphogluconolactonase; protein abundance increases in response to DNA replication stress; SOL4 has a paralog, SOL3, that arose from the whole genome duplication;Glutamate decarboxylase; converts glutamate into gamma-aminobutyric acid (GABA) during glutamate catabolism; involved in response to oxidative stress",YMR278W;YGL121C;YLR178C,,258,0,258
28,153,20,YFL005W;YGL233W;YPR055W,SEC4;SEC15;SEC8,"Rab family GTPase; essential for vesicle-mediated exocytic secretion and autophagy; associates with the exocyst component Sec15p and may regulate polarized delivery of transport vesicles to the exocyst at the plasma membrane;Essential 113 kDa subunit of the exocyst complex; the exocyst mediates polarized targeting and tethering of post-Golgi secretory vesicles to active sites of exocytosis prior to SNARE-mediated fusion; interacts with and functions as a downstream effector of active, GTP-bound Sec4p, a Rab family GTPase;Essential 121 kDa subunit of the exocyst complex; the exocyst mediates polarized targeting and tethering of post-Golgi secretory vesicles to active sites of exocytosis at the plasma membrane prior to SNARE-mediated fusion; involved in ER and Golgi inheritance in small buds; relocalizes away from bud neck upon DNA replication stress",YFL005W;YGL233W;YPR055W,SEC4;SEC15;SEC8,"Rab family GTPase; essential for vesicle-mediated exocytic secretion and autophagy; associates with the exocyst component Sec15p and may regulate polarized delivery of transport vesicles to the exocyst at the plasma membrane;Essential 113 kDa subunit of the exocyst complex; the exocyst mediates polarized targeting and tethering of post-Golgi secretory vesicles to active sites of exocytosis prior to SNARE-mediated fusion; interacts with and functions as a downstream effector of active, GTP-bound Sec4p, a Rab family GTPase;Essential 121 kDa subunit of the exocyst complex; the exocyst mediates polarized targeting and tethering of post-Golgi secretory vesicles to active sites of exocytosis at the plasma membrane prior to SNARE-mediated fusion; involved in ER and Golgi inheritance in small buds; relocalizes away from bud neck upon DNA replication stress",,YFL005W,0,963,963
29,154,28,YDL126C;YBR170C;YGR048W,CDC48;NPL4;UFD1,"AAA ATPase; subunit of polyUb-selective segregase complex involved in ERAD, INM-associated degradation (INMAD), mitotic spindle disassembly, macroautophagy, PMN, ribosome-associated degradation, ribophagy, homotypic ER membrane fusion, SCF complex disassembly, cell wall integrity during heat stress, and telomerase regulation; mobilizes membrane-anchored transcription factors by regulated Ub/proteasome-dependent processing (RUP); human ortholog VCP complements a cdc48 mutant;Substrate-recruiting cofactor of the Cdc48p-Npl4p-Ufd1p segregase; assists Cdc48p in the dislocation of misfolded, polyubiquitinated ERAD substrates that are subsequently delivered to the proteasome for degradation; also involved in the regulated destruction of resident ER membrane proteins, such as HMG-CoA reductase (Hmg1/2p) and cytoplasmic proteins (Fbp1p); role in mobilizing membrane bound transcription factors by regulated ubiquitin/proteasome-dependent processing (RUP);Substrate-recruiting cofactor of the Cdc48p-Npl4p-Ufd1p segregase; polyubiquitin binding protein that assists in the dislocation of misfolded, ERAD substrates that are subsequently delivered to the proteasome for degradation; involved in regulated destruction of ER membrane proteins such as HMG-CoA reductase (Hmg1/2p) and cytoplasmic proteins (Fbp1p); involved in mobilizing membrane bound transcription factors by regulated Ub/proteasome-dependent processing (RUP)",YDL126C;YBR170C;YGR048W,CDC48;NPL4;UFD1,"AAA ATPase; subunit of polyUb-selective segregase complex involved in ERAD, INM-associated degradation (INMAD), mitotic spindle disassembly, macroautophagy, PMN, ribosome-associated degradation, ribophagy, homotypic ER membrane fusion, SCF complex disassembly, cell wall integrity during heat stress, and telomerase regulation; mobilizes membrane-anchored transcription factors by regulated Ub/proteasome-dependent processing (RUP); human ortholog VCP complements a cdc48 mutant;Substrate-recruiting cofactor of the Cdc48p-Npl4p-Ufd1p segregase; assists Cdc48p in the dislocation of misfolded, polyubiquitinated ERAD substrates that are subsequently delivered to the proteasome for degradation; also involved in the regulated destruction of resident ER membrane proteins, such as HMG-CoA reductase (Hmg1/2p) and cytoplasmic proteins (Fbp1p); role in mobilizing membrane bound transcription factors by regulated ubiquitin/proteasome-dependent processing (RUP);Substrate-recruiting cofactor of the Cdc48p-Npl4p-Ufd1p segregase; polyubiquitin binding protein that assists in the dislocation of misfolded, ERAD substrates that are subsequently delivered to the proteasome for degradation; involved in regulated destruction of ER membrane proteins such as HMG-CoA reductase (Hmg1/2p) and cytoplasmic proteins (Fbp1p); involved in mobilizing membrane bound transcription factors by regulated Ub/proteasome-dependent processing (RUP)",YPL096W,,41,0,41
30,177,33,YMR203W;YNL131W;YNL121C,TOM40;TOM22;TOM70,"Component of the TOM (translocase of outer membrane) complex; responsible for recognition and initial import steps for all mitochondrially directed proteins; constitutes the core element of the protein conducting pore; pre-Tom40p is phosphorylated by PKA, which impairs its import into mitochondria under non-respiratory conditions;Component of the TOM (Translocase of Outer Membrane) complex; responsible for initial import of mitochondrially directed proteins; mediates interaction between TOM and TIM complexes and acts as a receptor for precursor proteins;Component of the TOM (translocase of outer membrane) complex; involved in the recognition and initial import steps for all mitochondrially directed proteins; acts as a receptor for incoming precursor proteins; TOM70 has a paralog, TOM71, that arose from the whole genome duplication",YMR203W;YNL131W;YNL121C,TOM40;TOM22;TOM70,"Component of the TOM (translocase of outer membrane) complex; responsible for recognition and initial import steps for all mitochondrially directed proteins; constitutes the core element of the protein conducting pore; pre-Tom40p is phosphorylated by PKA, which impairs its import into mitochondria under non-respiratory conditions;Component of the TOM (Translocase of Outer Membrane) complex; responsible for initial import of mitochondrially directed proteins; mediates interaction between TOM and TIM complexes and acts as a receptor for precursor proteins;Component of the TOM (translocase of outer membrane) complex; involved in the recognition and initial import steps for all mitochondrially directed proteins; acts as a receptor for incoming precursor proteins; TOM70 has a paralog, TOM71, that arose from the whole genome duplication",,YPR133W-A;YNR017W;YDL217C;YOR045W;YNL121C;YMR203W;YIL022W;YNL070W;YLR008C;YDR375C;YMR056C;YNL131W;YGR082W;YJL054W,0,903,903
31,192,14,YKL195W;YGR029W;YEL020W-A,MIA40;ERV1;TIM9,"Import and assembly protein in mitochondrial intermembrane space; component of MIA pathway which mediates import and oxidative folding of substrates including small proteins containing twin cysteine motifs; acts in concert with Erv1p, which oxidizes the cysteine residues of Mia40p to comprise a disulfide relay system that catalyzes import; also mediates folding of Atp23p via a chaperone-like activity; forms a dimer that binds iron-sulfur cluster in vitro;Flavin-linked sulfhydryl oxidase of the mitochondrial IMS; N-terminus is an intrinsically disordered domain that in the cytosol helps target Erv1p to mitochondria, and in the intermembrane space oxidizes Mia40p as part of a disulfide relay system that promotes intermembrane space retention of imported proteins; functional ortholog of human GFER (ALR); human GFER carrying N-terminal 21 amino acids of Erv1p functionally complements the lethality of the erv1 null mutation;Essential protein of the mitochondrial intermembrane space; forms a complex with Tim10p (TIM10 complex) that delivers hydrophobic proteins to the TIM22 complex for insertion into the inner membrane",YKL195W;YGR029W;YEL020W-A,MIA40;ERV1;TIM9,"Import and assembly protein in mitochondrial intermembrane space; component of MIA pathway which mediates import and oxidative folding of substrates including small proteins containing twin cysteine motifs; acts in concert with Erv1p, which oxidizes the cysteine residues of Mia40p to comprise a disulfide relay system that catalyzes import; also mediates folding of Atp23p via a chaperone-like activity; forms a dimer that binds iron-sulfur cluster in vitro;Flavin-linked sulfhydryl oxidase of the mitochondrial IMS; N-terminus is an intrinsically disordered domain that in the cytosol helps target Erv1p to mitochondria, and in the intermembrane space oxidizes Mia40p as part of a disulfide relay system that promotes intermembrane space retention of imported proteins; functional ortholog of human GFER (ALR); human GFER carrying N-terminal 21 amino acids of Erv1p functionally complements the lethality of the erv1 null mutation;Essential protein of the mitochondrial intermembrane space; forms a complex with Tim10p (TIM10 complex) that delivers hydrophobic proteins to the TIM22 complex for insertion into the inner membrane",,YHR005C-A;YEL020W-A,0,266,266
32,201,16,YLR304C;YIL125W;YNL037C,ACO1;KGD1;IDH1,"Aconitase; required for the tricarboxylic acid (TCA) cycle and also independently required for mitochondrial genome maintenance; component of the mitochondrial nucleoid; mutation leads to glutamate auxotrophy; human homolog ACO2 can complement yeast null mutant;Subunit of the mitochondrial alpha-ketoglutarate dehydrogenase complex; catalyzes a key step in the tricarboxylic acid (TCA) cycle, the oxidative decarboxylation of alpha-ketoglutarate to form succinyl-CoA;Subunit of mitochondrial NAD(+)-dependent isocitrate dehydrogenase; complex catalyzes the oxidation of isocitrate to alpha-ketoglutarate in the TCA cycle",YLR304C;YIL125W;YNL037C,ACO1;KGD1;IDH1,"Aconitase; required for the tricarboxylic acid (TCA) cycle and also independently required for mitochondrial genome maintenance; component of the mitochondrial nucleoid; mutation leads to glutamate auxotrophy; human homolog ACO2 can complement yeast null mutant;Subunit of the mitochondrial alpha-ketoglutarate dehydrogenase complex; catalyzes a key step in the tricarboxylic acid (TCA) cycle, the oxidative decarboxylation of alpha-ketoglutarate to form succinyl-CoA;Subunit of mitochondrial NAD(+)-dependent isocitrate dehydrogenase; complex catalyzes the oxidation of isocitrate to alpha-ketoglutarate in the TCA cycle",,YNL037C;YLR304C;YNR001C,0,903,903
33,228,5,YPR024W;YCL044C;YMR115W,YME1;MGR1;MGR3,Catalytic subunit of i-AAA protease complex; complex is located in mitochondrial inner membrane; responsible for degradation of unfolded or misfolded mitochondrial gene products; serves as nonconventional translocation motor to pull PNPase into intermembrane space; also has role in intermembrane space protein folding; mutation causes elevated rate of mitochondrial turnover; human homolog YME1L1 can complement yeast null mutant;Subunit of the mitochondrial (mt) i-AAA protease supercomplex; i-AAA degrades misfolded mitochondrial proteins; forms a subcomplex with Mgr3p that binds to substrates to facilitate proteolysis; required for growth of cells lacking mtDNA;Subunit of the mitochondrial (mt) i-AAA protease supercomplex; i-AAA degrades misfolded mitochondrial proteins; forms a subcomplex with Mgr1p that binds to substrates to facilitate proteolysis; required for growth of cells lacking mtDNA,YPR024W;YCL044C;YMR115W,YME1;MGR1;MGR3,Catalytic subunit of i-AAA protease complex; complex is located in mitochondrial inner membrane; responsible for degradation of unfolded or misfolded mitochondrial gene products; serves as nonconventional translocation motor to pull PNPase into intermembrane space; also has role in intermembrane space protein folding; mutation causes elevated rate of mitochondrial turnover; human homolog YME1L1 can complement yeast null mutant;Subunit of the mitochondrial (mt) i-AAA protease supercomplex; i-AAA degrades misfolded mitochondrial proteins; forms a subcomplex with Mgr3p that binds to substrates to facilitate proteolysis; required for growth of cells lacking mtDNA;Subunit of the mitochondrial (mt) i-AAA protease supercomplex; i-AAA degrades misfolded mitochondrial proteins; forms a subcomplex with Mgr1p that binds to substrates to facilitate proteolysis; required for growth of cells lacking mtDNA,,YCL044C;YPR024W;YMR302C;YMR115W;YBR227C,0,581,581
34,241,11,YNL202W;YKR009C;YGL205W,SPS19;FOX2;POX1,"Peroxisomal 2,4-dienoyl-CoA reductase; auxiliary enzyme of fatty acid beta-oxidation; homodimeric enzyme required for growth and sporulation on petroselineate medium; expression induced during late sporulation and in the presence of oleate;3-hydroxyacyl-CoA dehydrogenase and enoyl-CoA hydratase; multifunctional enzyme of the peroxisomal fatty acid beta-oxidation pathway; mutation is functionally complemented by human HSD17B4;Fatty-acyl coenzyme A oxidase; involved in the fatty acid beta-oxidation pathway; localized to the peroxisomal matrix",YNL202W;YKR009C;YGL205W,SPS19;FOX2;POX1,"Peroxisomal 2,4-dienoyl-CoA reductase; auxiliary enzyme of fatty acid beta-oxidation; homodimeric enzyme required for growth and sporulation on petroselineate medium; expression induced during late sporulation and in the presence of oleate;3-hydroxyacyl-CoA dehydrogenase and enoyl-CoA hydratase; multifunctional enzyme of the peroxisomal fatty acid beta-oxidation pathway; mutation is functionally complemented by human HSD17B4;Fatty-acyl coenzyme A oxidase; involved in the fatty acid beta-oxidation pathway; localized to the peroxisomal matrix",,YJR019C,0,900,900
35,270,16,YML035C;YLR359W;YNL220W,AMD1;ADE13;ADE12,"AMP deaminase; tetrameric enzyme that catalyzes the deamination of AMP to form IMP and ammonia; thought to be involved in regulation of intracellular purine (adenine, guanine, and inosine) nucleotide pools;Adenylosuccinate lyase; catalyzes two steps in the 'de novo' purine nucleotide biosynthetic pathway; expression is repressed by adenine and activated by Bas1p and Pho2p; mutations in human ortholog ADSL cause adenylosuccinase deficiency; human ADSL can complement yeast ADE13 null mutant;Adenylosuccinate synthase; catalyzes the first step in synthesis of adenosine monophosphate from inosine 5'monophosphate during purine nucleotide biosynthesis; exhibits binding to single-stranded autonomously replicating (ARS) core sequence",YML035C;YLR359W;YDR441C,AMD1;ADE13;APT2,"AMP deaminase; tetrameric enzyme that catalyzes the deamination of AMP to form IMP and ammonia; thought to be involved in regulation of intracellular purine (adenine, guanine, and inosine) nucleotide pools;Adenylosuccinate lyase; catalyzes two steps in the 'de novo' purine nucleotide biosynthetic pathway; expression is repressed by adenine and activated by Bas1p and Pho2p; mutations in human ortholog ADSL cause adenylosuccinase deficiency; human ADSL can complement yeast ADE13 null mutant;Potential adenine phosphoribosyltransferase; encodes a protein with similarity to adenine phosphoribosyltransferase, but artificially expressed protein exhibits no enzymatic activity; APT2 has a paralog, APT1, that arose from the whole genome duplication",YJR105W;YNL220W,,258,0,258
36,274,12,YGR043C;YBR117C;YHR096C,NQM1;TKL2;HXT5,"Transaldolase of unknown function; transcription is repressed by Mot1p and induced by alpha-factor and during diauxic shift; NQM1 has a paralog, TAL1, that arose from the whole genome duplication;Transketolase; catalyzes conversion of xylulose-5-phosphate and ribose-5-phosphate to sedoheptulose-7-phosphate and glyceraldehyde-3-phosphate in the pentose phosphate pathway; needed for synthesis of aromatic amino acids; TKL2 has a paralog, TKL1, that arose from the whole genome duplication;Hexose transporter with moderate affinity for glucose; induced in the presence of non-fermentable carbon sources, induced by a decrease in growth rate, contains an extended N-terminal domain relative to other HXTs; HXT5 has a paralog, HXT3, that arose from the whole genome duplication",YGR043C;YHR096C;YBR117C,NQM1;HXT5;TKL2,"Transaldolase of unknown function; transcription is repressed by Mot1p and induced by alpha-factor and during diauxic shift; NQM1 has a paralog, TAL1, that arose from the whole genome duplication;Hexose transporter with moderate affinity for glucose; induced in the presence of non-fermentable carbon sources, induced by a decrease in growth rate, contains an extended N-terminal domain relative to other HXTs; HXT5 has a paralog, HXT3, that arose from the whole genome duplication;Transketolase; catalyzes conversion of xylulose-5-phosphate and ribose-5-phosphate to sedoheptulose-7-phosphate and glyceraldehyde-3-phosphate in the pentose phosphate pathway; needed for synthesis of aromatic amino acids; TKL2 has a paralog, TKL1, that arose from the whole genome duplication",YGR043C,,41,0,41
37,301,8,YLR090W;YPL106C;YBR169C,XDJ1;SSE1;SSE2,"Chaperone with a role in facilitating mitochondrial protein import; ascomycete-specific member of the DnaJ-like family, closely related to Ydj1p; predicted to be C-terminally prenylated; the authentic, non-tagged protein is detected in highly purified mitochondria in high-throughput studies;ATPase component of heat shock protein Hsp90 chaperone complex; serves as nucleotide exchange factor to load ATP onto the SSA class of cytosolic Hsp70s; plays a role in prion propagation and determining prion variants; binds unfolded proteins; member of Hsp110 subclass of HSP70 proteins; deletion results in spindle elongation in S phase; SSE1 has a paralog, SSE2, that arose from the whole genome duplication;Member of Hsp110 subclass of the heat shock protein 70 (HSP70) family; serves as nucleotide exchange factor to load ATP onto the SSA class of cytosolic Hsp70s; may be involved in protein folding; localized to the cytoplasm; SSE2 has a paralog, SSE1, that arose from the whole genome duplication",YLR090W;YPL106C;YBR169C,XDJ1;SSE1;SSE2,"Chaperone with a role in facilitating mitochondrial protein import; ascomycete-specific member of the DnaJ-like family, closely related to Ydj1p; predicted to be C-terminally prenylated; the authentic, non-tagged protein is detected in highly purified mitochondria in high-throughput studies;ATPase component of heat shock protein Hsp90 chaperone complex; serves as nucleotide exchange factor to load ATP onto the SSA class of cytosolic Hsp70s; plays a role in prion propagation and determining prion variants; binds unfolded proteins; member of Hsp110 subclass of HSP70 proteins; deletion results in spindle elongation in S phase; SSE1 has a paralog, SSE2, that arose from the whole genome duplication;Member of Hsp110 subclass of the heat shock protein 70 (HSP70) family; serves as nucleotide exchange factor to load ATP onto the SSA class of cytosolic Hsp70s; may be involved in protein folding; localized to the cytoplasm; SSE2 has a paralog, SSE1, that arose from the whole genome duplication",,YLL024C;YPL106C;YAL005C,0,555,555
38,351,7,YJL097W;YDL015C;YGL055W,PHS1;TSC13;OLE1,"Essential 3-hydroxyacyl-CoA dehydratase of the ER membrane; involved in elongation of very long-chain fatty acids; evolutionarily conserved, similar to mammalian PTPLA and PTPLB; involved in sphingolipid biosynthesis and protein trafficking;Enoyl reductase; catalyzes last step in each cycle of very long chain fatty acid elongation; localizes to ER, highly enriched in a structure marking nuclear-vacuolar junctions; coimmunoprecipitates with elongases Elo2p and Elo3p; protein increases in abundance and relative distribution to ER foci increases upon DNA replication stress; human homolog TECR implicated in nonsyndromic mental retardation, can complement yeast mutant;Delta(9) fatty acid desaturase; required for monounsaturated fatty acid synthesis and for normal distribution of mitochondria",YJL097W;YDL015C;YGL055W,PHS1;TSC13;OLE1,"Essential 3-hydroxyacyl-CoA dehydratase of the ER membrane; involved in elongation of very long-chain fatty acids; evolutionarily conserved, similar to mammalian PTPLA and PTPLB; involved in sphingolipid biosynthesis and protein trafficking;Enoyl reductase; catalyzes last step in each cycle of very long chain fatty acid elongation; localizes to ER, highly enriched in a structure marking nuclear-vacuolar junctions; coimmunoprecipitates with elongases Elo2p and Elo3p; protein increases in abundance and relative distribution to ER foci increases upon DNA replication stress; human homolog TECR implicated in nonsyndromic mental retardation, can complement yeast mutant;Delta(9) fatty acid desaturase; required for monounsaturated fatty acid synthesis and for normal distribution of mitochondria",,YJL196C;YJL097W;YLR372W;YDL015C;YGL055W;YBR159W;YCR034W,0,963,963
39,396,6,YGL256W;YGL258W;YOR387C,ADH4;VEL1;nan,"Alcohol dehydrogenase isoenzyme type IV; dimeric enzyme demonstrated to be zinc-dependent despite sequence similarity to iron-activated alcohol dehydrogenases; transcription is induced in response to zinc deficiency;Protein of unknown function; highly induced in zinc-depleted conditions and has increased expression in NAP1 deletion mutants; VEL1 has a paralog, YOR387C, that arose from a single-locus duplication;Putative protein of unknown function; regulated by the metal-responsive Aft1p transcription factor; highly inducible in zinc-depleted conditions; localizes to the soluble fraction; SWAT-GFP and mCherry fusion proteins localize to the endoplasmic reticulum and vacuole respectively; YOR387C has a paralog, VEL1, that arose from a single-locus duplication",YGL256W;YGL258W;YOR387C,ADH4;VEL1;nan,"Alcohol dehydrogenase isoenzyme type IV; dimeric enzyme demonstrated to be zinc-dependent despite sequence similarity to iron-activated alcohol dehydrogenases; transcription is induced in response to zinc deficiency;Protein of unknown function; highly induced in zinc-depleted conditions and has increased expression in NAP1 deletion mutants; VEL1 has a paralog, YOR387C, that arose from a single-locus duplication;Putative protein of unknown function; regulated by the metal-responsive Aft1p transcription factor; highly inducible in zinc-depleted conditions; localizes to the soluble fraction; SWAT-GFP and mCherry fusion proteins localize to the endoplasmic reticulum and vacuole respectively; YOR387C has a paralog, VEL1, that arose from a single-locus duplication",YGL256W,,258,0,258
